[
    {
        "catagory": "Special Offer",
        "foodList": [
            {
                "name": "Danish Premium…",
                "price": "520",
                "image": "https://images.deliveryhero.io/image/fd-BD/NV/products/4e82450fd5ef4a0b288f3686f18b937ad530d4e9.jpg"
            },
            {
                "name": "X-Men Body Spray |…",
                "price": "368",
                "image": "https://images.deliveryhero.io/image/fd-BD/NV/products/fd65ebfb40b0cc9aa2bdbd1976d1a167b4ddc135.jpg"
            },
            {
                "name": "Danish Full Cream…",
                "price": "578",
                "image": "https://images.deliveryhero.io/image/fd-BD/NV/products/0154ad7c52b1ef282661f24201706f3c69138a72.jpg"
            },
            {
                "name": "Seylon Tea with…",
                "price": "410",
                "image": "https://images.deliveryhero.io/image/fd-BD/NV/products/d3bc6ac397c914b42cab25dc43a2302d460eacfa.jpg"
            },
            {
                "name": "Set Wet Pocket…",
                "price": "116",
                "image": "https://images.deliveryhero.io/image/fd-BD/NV/products/68eb6367584722445acdda17cd716c01213f8b9d.jpg"
            },
            {
                "name": "Hofel Sanitary…",
                "price": "189",
                "image": "https://images.deliveryhero.io/image/fd-BD/NV/products/a337ff41b98a44048cdf9b57063a98779a878a4d.jpg"
            }
        ]
    },
    {
        "catagory": "Packaged Foods",
        "foodList": [
            {
                "name": "Julie's Love Letter…",
                "price": "236",
                "image": "https://images.deliveryhero.io/image/fd-BD/NV/products/e11611019dae6c0b22e236e962d0ca2dd8a1bd81.jpg"
            },
            {
                "name": "Royal Jafran Pera |…",
                "price": "252",
                "image": "https://images.deliveryhero.io/image/fd-BD/NV/products/d2801d8ca98de1f21ff47c8d5fa8d185aeae0344.jpg"
            },
            {
                "name": "Julie's Peanut…",
                "price": "236",
                "image": "https://images.deliveryhero.io/image/fd-BD/NV/products/b4d39cb3ce9359616c25a34c74a98dd62538c765.jpg"
            },
            {
                "name": "Belleame Golden…",
                "price": "30",
                "image": "https://images.deliveryhero.io/image/fd-BD/NV/products/60bd207cbe14dd8388286c27a872ef8f7af3ec64.jpg"
            },
            {
                "name": "Julie's Love Letter…",
                "price": "236",
                "image": "https://images.deliveryhero.io/image/fd-BD/NV/products/8d996ff510916db232a19aab5cd44c7002d765a1.jpg"
            },
            {
                "name": "Royal Coconut…",
                "price": "273",
                "image": "https://images.deliveryhero.io/image/fd-BD/NV/products/300a13a75fb8b4af789995ab0f730e1579055ac4.jpg"
            },
            {
                "name": "Lexus Vegetable…",
                "price": "15",
                "image": "https://images.deliveryhero.io/image/fd-BD/NV/products/ce45df90f145b8d91ddbe4cd3140dada86b3859a.jpg"
            },
            {
                "name": "Morning Spicy Hot…",
                "price": "40",
                "image": "https://images.deliveryhero.io/image/fd-BD/NV/products/5c392005e1b06c849856161947fc79ad03ce841f.jpg"
            },
            {
                "name": "Dan Cake Vanilla…",
                "price": "20",
                "image": "https://images.deliveryhero.io/image/fd-BD/NV/products/7d4e7aaa5d77ab9d48d4e8a6c2a2fe8a71e33d16.jpg"
            },
            {
                "name": "Royal Bundia Laddu…",
                "price": "179",
                "image": "https://images.deliveryhero.io/image/fd-BD/NV/products/4b4f2390f6ffe628a873414f58d81d4035c7dc99.jpg"
            }
        ]
    },
    {
        "catagory": "Frozen Foods",
        "foodList": [
            {
                "name": "Golden Harvest…",
                "price": "126",
                "image": "https://images.deliveryhero.io/image/fd-BD/NV/products/a598bf9943e1e825b36797f6ee24080067d0000e.jpg"
            },
            {
                "name": "Doux Chicken…",
                "price": "210",
                "image": "https://images.deliveryhero.io/image/fd-BD/NV/products/1339adddaeed0d7a66c235e6a9770a9545637013.jpg"
            },
            {
                "name": "Paragon Paratha…",
                "price": "263",
                "image": "https://images.deliveryhero.io/image/fd-BD/NV/products/7d86d9eaab674a0daea3baa38110b07cc2c61e88.jpg"
            },
            {
                "name": "Golden Harvest…",
                "price": "315",
                "image": "https://images.deliveryhero.io/image/fd-BD/NV/products/dc1ed5640d0260030c5360f6530c3525f067a4fe.png"
            },
            {
                "name": "Ag Dal Puri | 454 g",
                "price": "105",
                "image": "https://images.deliveryhero.io/image/fd-BD/NV/products/ca5fd31b3f52352bb1ded8be5213ac49291057dd.jpg"
            },
            {
                "name": "Ag Mini Chicken…",
                "price": "95",
                "image": "https://images.deliveryhero.io/image/fd-BD/NV/products/317bb09995d56f69ae183e9cc1ba03adb887c16e.png"
            },
            {
                "name": "Ag Vegetable…",
                "price": "105",
                "image": "https://images.deliveryhero.io/image/fd-BD/NV/products/13dbc5ed0cb9398e42596a08102feb404a4c7fae.png"
            },
            {
                "name": "Paragon Red…",
                "price": "200",
                "image": "https://images.deliveryhero.io/image/fd-BD/NV/products/7413a0c80048c3d9b1e8a4efe04015ac8bf3f2fe.jpg"
            },
            {
                "name": "Paragon Dal Puri |…",
                "price": "100",
                "image": "https://images.deliveryhero.io/image/fd-BD/NV/products/3b7c0aae4763289f23dbd835a46e33f3d738c794.jpg"
            },
            {
                "name": "Golden Harvest…",
                "price": "158",
                "image": "https://images.deliveryhero.io/image/fd-BD/NV/products/1b7a7b4ae1885b1c3caf5b412dad230a71382f94.jpg"
            }
        ]
    },
    {
        "catagory": "Dairy & Chilled",
        "foodList": [
            {
                "name": "Pran Premium…",
                "price": "252",
                "image": "https://images.deliveryhero.io/image/fd-BD/NV/products/76b794dc5cb3a6ae57aa90052e28ce485c585e71.jpg"
            },
            {
                "name": "Aarong Butter | 200…",
                "price": "194",
                "image": "https://images.deliveryhero.io/image/fd-BD/NV/products/c6e6fe7288cdd0795b70f161fa4ef8dd562eed7f.jpg"
            },
            {
                "name": "Aarong Fino Pack |…",
                "price": "70",
                "image": "https://images.deliveryhero.io/image/fd-BD/NV/products/20f8ba45e2cedddf3ef18774ba8c440b6ac25ecf.jpg"
            },
            {
                "name": "Aarong Austrogurm…",
                "price": "158",
                "image": "https://images.deliveryhero.io/image/fd-BD/NV/products/bee980c05d99b82999abe5ea5fc215ee92b261e8.png"
            },
            {
                "name": "Arong Ghee | 200 ml",
                "price": "294",
                "image": "https://images.deliveryhero.io/image/fd-BD/NV/products/77aff1e386c74300063b65fdd107ef14e7a6a3d8.jpg"
            },
            {
                "name": "Milk Vita Fino Pack…",
                "price": "38",
                "image": "https://images.deliveryhero.io/image/fd-BD/NV/products/3387d5d27a8aff2bbf470fe17aa93ca9cf93101a.jpg"
            },
            {
                "name": "Nido Fortigrow |…",
                "price": "273",
                "image": "https://images.deliveryhero.io/image/fd-BD/NV/products/a6793285362e662da6c072cf507a1d41dea18d3c.jpg"
            },
            {
                "name": "Aarong UHT…",
                "price": "26",
                "image": "https://images.deliveryhero.io/image/fd-BD/NV/products/6698f98caf94f485aed4d2a6361423b6e4cd2cea.jpg"
            },
            {
                "name": "Farm Fresh Butter…",
                "price": "181",
                "image": "https://images.deliveryhero.io/image/fd-BD/NV/products/8bd11a3c74261eebdff0daeee3d678c28cd4f8ec.jpg"
            },
            {
                "name": "Aarong Butter | 100…",
                "price": "105",
                "image": "https://images.deliveryhero.io/image/fd-BD/NV/products/8e5d8bb0318d34721ccdbacd9ce9f023f85e7919.jpg"
            }
        ]
    },
    {
        "catagory": "Beverages",
        "foodList": [
            {
                "name": "Boncafe Espresso…",
                "price": "709",
                "image": "https://images.deliveryhero.io/image/fd-BD/NV/products/7f9daa77cd09c36ec5a12bef136dd7e65c1b46b1.jpg"
            },
            {
                "name": "White Tea | 55 g",
                "price": "459",
                "image": "https://images.deliveryhero.io/image/fd-BD/NV/products/04ae1f7f3707e8c64d7fa78bba21eb0e67636771.jpg"
            },
            {
                "name": "Pepsi | 500 ml",
                "price": "32",
                "image": "https://images.deliveryhero.io/image/fd-BD/NV/products/fe2c42fb6893e371bcc6a8e3bd996318f39579b4.jpg"
            },
            {
                "name": "Mirinda | 250 ml",
                "price": "21",
                "image": "https://images.deliveryhero.io/image/fd-BD/NV/products/24da5cae8e36973f90fce8eff80b488d585a424e.jpg"
            },
            {
                "name": "Pepsi | 2 L",
                "price": "105",
                "image": "https://images.deliveryhero.io/image/fd-BD/NV/products/64271cdc09a6cfe1033ad05ad95aed6c4571c46b.jpg"
            },
            {
                "name": "Davidoff Fine…",
                "price": "530",
                "image": "https://images.deliveryhero.io/image/fd-BD/NV/products/f51739ca21ca5cbd9c6ee6c0525cd84cb757b3f8.jpg"
            },
            {
                "name": "Speed Energy Drink…",
                "price": "26",
                "image": "https://images.deliveryhero.io/image/fd-BD/NV/products/4a56cb37735c3310c62f8e28f10f3dd390233c7d.jpg"
            },
            {
                "name": "Nescafe Gold…",
                "price": "1,050",
                "image": "https://images.deliveryhero.io/image/fd-BD/NV/products/627debb3d64b231c7803e11b7f8715b0f266cb49.jpg"
            },
            {
                "name": "Basil Seed Drink…",
                "price": "116",
                "image": "https://images.deliveryhero.io/image/fd-BD/NV/products/2ce1f008679042bcbf11343e9d75d9b2609e91fc.jpg"
            },
            {
                "name": "Coca Cola Zero…",
                "price": "42",
                "image": "https://images.deliveryhero.io/image/fd-BD/NV/products/ce82bd433de91f16ce9e5e981ad933c99cfa6d00.jfif"
            }
        ]
    },
    {
        "catagory": "Cooking & Baking",
        "foodList": [
            {
                "name": "Well's Olive…",
                "price": "1,040",
                "image": "https://images.deliveryhero.io/image/fd-BD/NV/products/cf51f96bf5ec92ddbc4082b474ca12d37621af41.jpg"
            },
            {
                "name": "Date Jaggery…",
                "price": "365",
                "image": "https://images.deliveryhero.io/image/fd-BD/NV/products/a5bfaa056073aba8a1da1767bb3639f91b1a8ed8.jpg"
            },
            {
                "name": "Unat Sunflower Oil…",
                "price": "1,155",
                "image": "https://images.deliveryhero.io/image/fd-BD/NV/products/ae6befe557b07e58013aaf7addf2f4d654cdfd0c.jpg"
            },
            {
                "name": "Sugar Jaggery…",
                "price": "140",
                "image": "https://images.deliveryhero.io/image/fd-BD/NV/products/da10dfac443844193ae01f75346ea9b401a96461.png"
            },
            {
                "name": "King's Sunflower…",
                "price": "1,360",
                "image": "https://images.deliveryhero.io/image/fd-BD/NV/products/893c17d6f3e300e0a29a50077c836e2552e73c53.jpg"
            },
            {
                "name": "Wells Olive Oil | 70…",
                "price": "158",
                "image": "https://images.deliveryhero.io/image/fd-BD/NV/products/fc1e5b1a672520d5a2caab15c92fed960e5512f2.jpg"
            },
            {
                "name": "Sunflower Oil | 1 L",
                "price": "236",
                "image": "https://images.deliveryhero.io/image/fd-BD/NV/products/75e251d06a2f7fda81a086e20137aa85d1c20603.jpg"
            },
            {
                "name": "Olitalia Olive Oil…",
                "price": "1,313",
                "image": "https://images.deliveryhero.io/image/fd-BD/NV/products/7348f7c7d2a52bb5eaa8e5a1a06f447e3f7f704f.jpg"
            },
            {
                "name": "King's Sunflower…",
                "price": "289",
                "image": "https://images.deliveryhero.io/image/fd-BD/NV/products/9865cd52356b210e41394119df84ce81bac31c4a.jpg"
            },
            {
                "name": "Pocari Sweat…",
                "price": "142",
                "image": "https://images.deliveryhero.io/image/fd-BD/NV/products/d33fe35e6422e5091136ae36e25ea414cdff92bb.jpg"
            }
        ]
    },
    {
        "catagory": "Fresh Produce",
        "foodList": [
            {
                "name": "Cucumber - Big | 1…",
                "price": "70",
                "image": "https://images.deliveryhero.io/image/fd-BD/NV/products/a42602c3a935ea30af6076750e7f55318fa04f80.jpg"
            },
            {
                "name": "Green Chili | 250 g",
                "price": "48",
                "image": "https://images.deliveryhero.io/image/fd-BD/NV/products/b5123b318ff7ff8d75f0b1c767047fb3e6023ab2.jpg"
            },
            {
                "name": "Long Lemon | 1…",
                "price": "7",
                "image": "https://images.deliveryhero.io/image/fd-BD/NV/products/cda67d316f67f4f24995c8167073a6c32317ff69.jpg"
            },
            {
                "name": "Cauliflower | 1 piece",
                "price": "70",
                "image": "https://images.deliveryhero.io/image/fd-BD/NV/products/5d3de98c463849bed7126518a145b410e15b5d26.jpg"
            },
            {
                "name": "Chinese Carrot |…",
                "price": "62.5",
                "image": "https://images.deliveryhero.io/image/fd-BD/NV/products/f50a000ee731edb65cf9f0f9383398de1be16440.jpg"
            },
            {
                "name": "Round Brinjal | 500 g",
                "price": "47.5",
                "image": "https://images.deliveryhero.io/image/fd-BD/NV/products/4d0306b0078d1cb544ccedcba68bd14f6e6d9b36.jpg"
            },
            {
                "name": "Grapes White | 1 kg",
                "price": "465",
                "image": "https://images.deliveryhero.io/image/fd-BD/NV/products/4e478370152e1decb4d015c421eef50d83825b8c.jpg"
            },
            {
                "name": "Coriander Leaves |…",
                "price": "38",
                "image": "https://images.deliveryhero.io/image/fd-BD/NV/products/d952942b40140082e6d682acaabe460918473b8e.jpg"
            },
            {
                "name": "Taro Long | 1 piece",
                "price": "60",
                "image": "https://images.deliveryhero.io/image/fd-BD/NV/products/e6a77b9ecc156885750c3561eda69fb86bfce52a.jpg"
            },
            {
                "name": "Pointed Gourd |…",
                "price": "25",
                "image": "https://images.deliveryhero.io/image/fd-BD/NV/products/19702bc3347c81a0f6f623aa849410d3091cacd5.jpg"
            }
        ]
    },
    {
        "catagory": "Meat & Fish",
        "foodList": [
            {
                "name": "Cow Paya | 1 piece",
                "price": "290",
                "image": "https://images.deliveryhero.io/image/fd-BD/NV/products/9e608fccdaf837f892757bfbd2c5b1cde1e28bc5.jpg"
            },
            {
                "name": "Chicken Boneless |…",
                "price": "455",
                "image": "https://images.deliveryhero.io/image/fd-BD/NV/products/a687e79d26b4c371b0b5d46503060c65b68778f6.jpg"
            },
            {
                "name": "Broiler Chicken…",
                "price": "275",
                "image": "https://images.deliveryhero.io/image/fd-BD/NV/products/e1a025e9bab56fb1c73b037afdf7a0ec6b085757.jpg"
            },
            {
                "name": "Ayer | 1.1 kg",
                "price": "860",
                "image": "https://images.deliveryhero.io/image/fd-BD/NV/products/fc35e20b8095220553b77c2a71c468d250fa2bd4.jpg"
            },
            {
                "name": "Hilsha Big | 900+ g",
                "price": "875",
                "image": "https://images.deliveryhero.io/image/fd-BD/NV/products/b6d4806935b07a33af242aa7aac988e00e2e538c.jpg"
            },
            {
                "name": "Beef Premium | 1 kg",
                "price": "590",
                "image": "https://images.deliveryhero.io/image/fd-BD/NV/products/3305d4ae6572b8283c54e99b6ed6bf14d50a79c2.jpg"
            },
            {
                "name": "Broiler Chicken…",
                "price": "295",
                "image": "https://images.deliveryhero.io/image/fd-BD/NV/products/2599f2b95893250059c2d5a48db04d4f72eebfc5.jpg"
            },
            {
                "name": "Deshi Sonali…",
                "price": "495",
                "image": "https://images.deliveryhero.io/image/fd-BD/NV/products/5d32858f200079bcd1a3ab377a375c74b46170ff.jpg"
            },
            {
                "name": "Chicken Wings…",
                "price": "275",
                "image": "https://images.deliveryhero.io/image/fd-BD/NV/products/d170b0eacc2388d1d723509b516f81e024d60b2a.jpg"
            },
            {
                "name": "Cow Leg | 1 piece",
                "price": "290",
                "image": "https://images.deliveryhero.io/image/fd-BD/NV/products/228b806ab2c0f14a17962b6be08892f572ce895a.jpg"
            }
        ]
    },
    {
        "catagory": "Personal Care",
        "foodList": [
            {
                "name": "Head & Shoulders…",
                "price": "899",
                "image": "https://images.deliveryhero.io/image/fd-BD/NV/products/d4d1f48e53bf8e372206547c820ef5451268824b.webp"
            },
            {
                "name": "Head & Shoulders…",
                "price": "419",
                "image": "https://images.deliveryhero.io/image/fd-BD/NV/products/e05d75acdec1b535774439c9144d1e7b48d38bb1.jpg"
            },
            {
                "name": "Head & Shoulders…",
                "price": "899",
                "image": "https://images.deliveryhero.io/image/fd-BD/NV/products/32f6bfa5b54c5020d654c6309da8797605d255da.jpg"
            },
            {
                "name": "Kodomo Baby…",
                "price": "344",
                "image": "https://images.deliveryhero.io/image/fd-BD/NV/products/42fbdabb4c871314fec1e60118f6781dbbe646ef.jpg"
            },
            {
                "name": "Lotus Herbals Little…",
                "price": "326",
                "image": "https://images.deliveryhero.io/image/fd-BD/NV/products/48163d0f56093e057cfe059c5a5011fc11c17eae.jpg"
            },
            {
                "name": "Ayush Toothpaste…",
                "price": "76",
                "image": "https://images.deliveryhero.io/image/fd-BD/NV/products/ba84d5921fce1378832af640afd7d4aff6e97e6d.jpg"
            },
            {
                "name": "Head & Shoulders…",
                "price": "419",
                "image": "https://images.deliveryhero.io/image/fd-BD/NV/products/83b99a15f9070d434d513df0c4ac50a411ecec1a.jpg"
            },
            {
                "name": "Head & Shoulders…",
                "price": "504",
                "image": "https://images.deliveryhero.io/image/fd-BD/NV/products/e9f95e351037af5305467ae955532034e9cd70c6.jpg"
            },
            {
                "name": "Head & Shoulders…",
                "price": "419",
                "image": "https://images.deliveryhero.io/image/fd-BD/NV/products/4618b58b8e78fb70fa42c9628ef93aa2b3d35bf0.jpg"
            },
            {
                "name": "Palmolive…",
                "price": "479",
                "image": "https://images.deliveryhero.io/image/fd-BD/NV/products/719c32db36857823ebb7fb4079a4206dff6780ce.jpg"
            }
        ]
    },
    {
        "catagory": "Mother & Baby",
        "foodList": [
            {
                "name": "Sunmed Adult…",
                "price": "820",
                "image": "https://images.deliveryhero.io/image/fd-BD/NV/products/4901392c57581aedf5bf931cb0caaaeabf33b6a9.jpg"
            },
            {
                "name": "Sunmed Adult…",
                "price": "820",
                "image": "https://images.deliveryhero.io/image/fd-BD/NV/products/c8080cf6491bab130a94ff5a5e447d7872f4bdd7.jpg"
            },
            {
                "name": "Huggies Wonder…",
                "price": "199",
                "image": "https://images.deliveryhero.io/image/fd-BD/NV/products/83a373d8c273aaf63b1a2890c2f4c7fc4feb655f.jpg"
            },
            {
                "name": "Twinkle Baby…",
                "price": "90",
                "image": "https://images.deliveryhero.io/image/fd-BD/NV/products/07263fbbf1e00e2127bb11d88052e750c9d0c096.jpg"
            },
            {
                "name": "Huggies Dry | 60…",
                "price": "1,495",
                "image": "https://images.deliveryhero.io/image/fd-BD/NV/products/cf6d41ec85c1a6cb8a3a9fd051210f48bfa2e8b3.jpg"
            },
            {
                "name": "Pampers Baby Dry…",
                "price": "1,499",
                "image": "https://images.deliveryhero.io/image/fd-BD/NV/products/b94c8d9d5466ee327517e3dc0a068e787620fa73.jpg"
            },
            {
                "name": "Huggies Wonder…",
                "price": "180",
                "image": "https://images.deliveryhero.io/image/fd-BD/NV/products/582af4a958f350858b3487fa2880673d713a1353.jpg"
            },
            {
                "name": "Pampers Pant Style…",
                "price": "260",
                "image": "https://images.deliveryhero.io/image/fd-BD/NV/products/c8951947403526856da706c4d69830cb27863146.jpg"
            },
            {
                "name": "Pampers Pant Style…",
                "price": "1,499",
                "image": "https://images.deliveryhero.io/image/fd-BD/NV/products/ced56592fe74f13d777cadecef1c7ea9d95105e0.jpg"
            },
            {
                "name": "Twinkle Baby…",
                "price": "80",
                "image": "https://images.deliveryhero.io/image/fd-BD/NV/products/a2c56da5ae0248c62c9869dd81e8a1abe5e65325.jpg"
            }
        ]
    }
]